movies	years	ids	links	rates
Tropes vs. Women in Video Games	2013	tt3897284	/title/tt3897284/?ref_=ttls_li_i	1.4
Достичь цели	2012	tt1826951	/title/tt1826951/?ref_=ttls_li_i	3.2
Ночное шоу с Джорджем Лопесом	2009	tt1489432	/title/tt1489432/?ref_=ttls_li_i	3.7
The Real Housewives of Miami	2011	tt1833558	/title/tt1833558/?ref_=ttls_li_i	2.9
Любовь на шестерых	2003	tt0338592	/title/tt0338592/?ref_=ttls_li_i	3.6
Общий запрос в прямом эфире	1998	tt0167735	/title/tt0167735/?ref_=ttls_li_i	3.9
Свободные женщины	1999	tt0217211	/title/tt0217211/?ref_=ttls_li_i	2.5
The Irate Gamer	2007	tt1466565	/title/tt1466565/?ref_=ttls_li_i	2.2
Six Degrees of Everything	2015	tt4566242	/title/tt4566242/?ref_=ttls_li_i	1.6
Rich Kids of Beverly Hills	2014	tt3485248	/title/tt3485248/?ref_=ttls_li_i	3.1
Гленн Мартин	2009	tt1355237	/title/tt1355237/?ref_=ttls_li_i	4.1
Повышение уровня	2012	tt1933836	/title/tt1933836/?ref_=ttls_li_i	4.2
Dude, What Would Happen	2009	tt1443593	/title/tt1443593/?ref_=ttls_li_i	1.9
Sarah Palin's Alaska	2010	tt1625263	/title/tt1625263/?ref_=ttls_li_i	2.4
The Anna Nicole Show	2002	tt0328732	/title/tt0328732/?ref_=ttls_li_i	4
Tak & the Power of Juju	2007	tt0853078	/title/tt0853078/?ref_=ttls_li_i	3.3
The Nutshack	2007	tt1372153	/title/tt1372153/?ref_=ttls_li_i	1.7
Звёздные врата: Бесконечность	2002	tt0320969	/title/tt0320969/?ref_=ttls_li_i	3.6
Pompidou	2015	tt2811472	/title/tt2811472/?ref_=ttls_li_i	4
Secret Mountain Fort Awesome	2011	tt2010634	/title/tt2010634/?ref_=ttls_li_i	3.2
Wild Grinders	2012	tt2341819	/title/tt2341819/?ref_=ttls_li_i	2.2
Out of Jimmy's Head	2007	tt1078463	/title/tt1078463/?ref_=ttls_li_i	2.1
Royal Canadian Air Farce	1993	tt0143060	/title/tt0143060/?ref_=ttls_li_i	4.1
Рассол и Арахис	2015	tt3824018	/title/tt3824018/?ref_=ttls_li_i	4.1
Cumbia Ninja	2013	tt3101362	/title/tt3101362/?ref_=ttls_li_i	2.8
Paris Hilton's British Best Friend	2009	tt1360544	/title/tt1360544/?ref_=ttls_li_i	1.6
The World According to Paris	2011	tt1817054	/title/tt1817054/?ref_=ttls_li_i	2.1
Destroy Build Destroy	2009	tt1459294	/title/tt1459294/?ref_=ttls_li_i	2.7
Richie Rich	2015	tt4160920	/title/tt4160920/?ref_=ttls_li_i	3.3
Casper's Scare School	2009	tt1429551	/title/tt1429551/?ref_=ttls_li_i	3.9
Denise Richards: It's Complicated	2008	tt1210781	/title/tt1210781/?ref_=ttls_li_i	3.7
Bratz	2005	tt0471990	/title/tt0471990/?ref_=ttls_li_i	2.9
Fox News	1987	tt0197151	/title/tt0197151/?ref_=ttls_li_i	2.8
Bibleman	1995	tt0222529	/title/tt0222529/?ref_=ttls_li_i	2.6
Deutschland sucht den Superstar	2002	tt0362339	/title/tt0362339/?ref_=ttls_li_i	2
Piers Morgan Tonight	2011	tt1809909	/title/tt1809909/?ref_=ttls_li_i	3
Disney 365	2006	tt1454750	/title/tt1454750/?ref_=ttls_li_i	4.1
The Real Housewives of D.C.	2010	tt1674023	/title/tt1674023/?ref_=ttls_li_i	2.4
50 Shades of Girls	2013	tt3144026	/title/tt3144026/?ref_=ttls_li_i	2.5
Incredible Crew	2012	tt2287380	/title/tt2287380/?ref_=ttls_li_i	3.7
Ключи от Голливуда	1996	tt0167515	/title/tt0167515/?ref_=ttls_li_i	3.2
Extra	1994	tt0247094	/title/tt0247094/?ref_=ttls_li_i	3.5
Майя и Мигель	2004	tt0426745	/title/tt0426745/?ref_=ttls_li_i	5.7
Cop Rock	1990	tt0098772	/title/tt0098772/?ref_=ttls_li_i	4.2
Jay Jay the Jet Plane	2001	tt0362350	/title/tt0362350/?ref_=ttls_li_i	3.9
Chocolat	2013	tt2337458	/title/tt2337458/?ref_=ttls_li_i	1
Boohbah	2003	tt0398429	/title/tt0398429/?ref_=ttls_li_i	3.8
Drama Alert	2014	tt6026132	/title/tt6026132/?ref_=ttls_li_i	1.7
Rebelde	2011	tt1960787	/title/tt1960787/?ref_=ttls_li_i	2.9
La rosa de Guadalupe	2008	tt1192302	/title/tt1192302/?ref_=ttls_li_i	2.8
The Way of the Master	2003	tt0403824	/title/tt0403824/?ref_=ttls_li_i	3.7
The Insider	2004	tt0430836	/title/tt0430836/?ref_=ttls_li_i	2.6
Мери-Кейт и Эшли в действии	2001	tt0300802	/title/tt0300802/?ref_=ttls_li_i	3.9
Egy rém rendes család Budapesten	2006	tt0845874	/title/tt0845874/?ref_=ttls_li_i	1.4
Pig Goat Banana Cricket	2015	tt3218114	/title/tt3218114/?ref_=ttls_li_i	3.6
Butt-Ugly Martians	2001	tt0293725	/title/tt0293725/?ref_=ttls_li_i	3.2
Speed Racer: The Next Generation	2008	tt1055136	/title/tt1055136/?ref_=ttls_li_i	3.9
The One Show	2006	tt0844203	/title/tt0844203/?ref_=ttls_li_i	3.9
Popcultured	2005	tt0465347	/title/tt0465347/?ref_=ttls_li_i	1
Chasing Cameron	2016	tt6370626	/title/tt6370626/?ref_=ttls_li_i	3.7
The Tony Danza Show	2004	tt0421470	/title/tt0421470/?ref_=ttls_li_i	3
Scaredy Squirrel	2010	tt2059031	/title/tt2059031/?ref_=ttls_li_i	4.2
AwesomenessTV	2013	tt3100634	/title/tt3100634/?ref_=ttls_li_i	2.3
Mega Babies	1999	tt0348512	/title/tt0348512/?ref_=ttls_li_i	3.3
Demo Reel	2012	tt2543256	/title/tt2543256/?ref_=ttls_li_i	3.7
Chop Socky Chooks	2007	tt1118131	/title/tt1118131/?ref_=ttls_li_i	3.9
Удаленные	2016	tt5684430	/title/tt5684430/?ref_=ttls_li_i	3.8
Rocket Monkeys	2012	tt2170392	/title/tt2170392/?ref_=ttls_li_i	3.3
Ni zhao liang wo xing qiu	2014	tt3948184	/title/tt3948184/?ref_=ttls_li_i	1.3
Southern Fried Stings	2010	tt1586637	/title/tt1586637/?ref_=ttls_li_i	2.6
Talia in the Kitchen	2015	tt4845734	/title/tt4845734/?ref_=ttls_li_i	3.2
Облачно, возможны осадки в виде фрикаделек	2017	tt4123482	/title/tt4123482/?ref_=ttls_li_i	3.3
Kris	2013	tt2660922	/title/tt2660922/?ref_=ttls_li_i	1.4
Jiong ien sen	2011	tt3913910	/title/tt3913910/?ref_=ttls_li_i	1
Wo men jie hun ba	2006	tt4351348	/title/tt4351348/?ref_=ttls_li_i	1.2
Bristol Palin: Life's a Tripp	2012	tt2279571	/title/tt2279571/?ref_=ttls_li_i	1.7
Osbournes Reloaded	2009	tt1305560	/title/tt1305560/?ref_=ttls_li_i	2.6
Walk the Prank	2016	tt5486088	/title/tt5486088/?ref_=ttls_li_i	3.7
Cubed	2009	tt1792654	/title/tt1792654/?ref_=ttls_li_i	3
Supernoobs	2015	tt4033696	/title/tt4033696/?ref_=ttls_li_i	3.5
Повторная загрузка: Код хранителя	2018	tt6849940	/title/tt6849940/?ref_=ttls_li_i	3.7
The Real Wedding Crashers	2007	tt1002739	/title/tt1002739/?ref_=ttls_li_i	3.1
Megyn Kelly Today	2017	tt7406344	/title/tt7406344/?ref_=ttls_li_i	2
Bez Bebek	2007	tt2154793	/title/tt2154793/?ref_=ttls_li_i	2.6
Acemi cadi	2006	tt0834012	/title/tt0834012/?ref_=ttls_li_i	3.3
Logan Paul Vs	2016	tt6193484	/title/tt6193484/?ref_=ttls_li_i	2.8
Logan Paul Summer Saga	2017	tt7153312	/title/tt7153312/?ref_=ttls_li_i	1.1
Джордж из джунглей	2007	tt1050880	/title/tt1050880/?ref_=ttls_li_i	4.2
The Swan	2004	tt0402701	/title/tt0402701/?ref_=ttls_li_i	2.5
I Wanna Marry 'Harry'	2014	tt3181412	/title/tt3181412/?ref_=ttls_li_i	3.9
Top Gear	2017	tt6959064	/title/tt6959064/?ref_=ttls_li_i	3
The Dating Guy	2009	tt1344959	/title/tt1344959/?ref_=ttls_li_i	3.4
MythBusters: The Search	2017	tt5612722	/title/tt5612722/?ref_=ttls_li_i	3.9
Berlin - Tag & Nacht	2011	tt2053650	/title/tt2053650/?ref_=ttls_li_i	2
Elif	2014	tt4745726	/title/tt4745726/?ref_=ttls_li_i	2.8
The Day My Butt Went Psycho!	2013	tt4363582	/title/tt4363582/?ref_=ttls_li_i	3.1
The Adventures of Kid Danger	2018	tt7833530	/title/tt7833530/?ref_=ttls_li_i	3.3
Shorty McShorts' Shorts	2006	tt0859503	/title/tt0859503/?ref_=ttls_li_i	3.9
Homeboys in Outer Space	1996	tt0115206	/title/tt0115206/?ref_=ttls_li_i	3.5
Scarce	2012	tt6119890	/title/tt6119890/?ref_=ttls_li_i	2.7
PrankStars	2011	tt1973659	/title/tt1973659/?ref_=ttls_li_i	3.7
Dora and Friends: Into the City!	2014	tt4048256	/title/tt4048256/?ref_=ttls_li_i	3.6
Garbage Pail Kids	1988	tt0186747	/title/tt0186747/?ref_=ttls_li_i	3.4
The Brothers Grunt	1994	tt0158522	/title/tt0158522/?ref_=ttls_li_i	2.9
Jake & Blake	2009	tt1796975	/title/tt1796975/?ref_=ttls_li_i	3.5
The Chevy Chase Show	1993	tt0105970	/title/tt0105970/?ref_=ttls_li_i	3
Mega Man: Fully Charged	2018	tt5608708	/title/tt5608708/?ref_=ttls_li_i	3.9
Mixels	2014	tt3648886	/title/tt3648886/?ref_=ttls_li_i	3.6
Candy Crush	2017	tt7036530	/title/tt7036530/?ref_=ttls_li_i	1.8
Saath Nibhana Saathiya	2010	tt1863997	/title/tt1863997/?ref_=ttls_li_i	2.6
Revenge Body with Khloé Kardashian	2017	tt6410966	/title/tt6410966/?ref_=ttls_li_i	3.5
Pupa	2014	tt3185682	/title/tt3185682/?ref_=ttls_li_i	2.6
Hand Shakers	2017	tt6401430	/title/tt6401430/?ref_=ttls_li_i	3
Boku no Piko	2006	tt3855912	/title/tt3855912/?ref_=ttls_li_i	2.8